[{"fields": {"categoria": 1, "nombre": "Vasija", "codigo": "1.1.1", "coleccion": 1, "ficha": 1}, "model": "piezas.clasificacion", "pk": 1}, {"fields": {"categoria": 1, "nombre": "Figurilla Antropomorfa", "codigo": "1.1.2", "coleccion": 1, "ficha": 1}, "model": "piezas.clasificacion", "pk": 2}, {"fields": {"categoria": 1, "nombre": "Figurilla Zoomorfa", "codigo": "1.1.3", "coleccion": 1, "ficha": 1}, "model": "piezas.clasificacion", "pk": 3}, {"fields": {"categoria": 1, "nombre": "Sello", "codigo": "1.1.4", "coleccion": 1, "ficha": 1}, "model": "piezas.clasificacion", "pk": 4}, {"fields": {"categoria": 1, "nombre": "Tiesto", "codigo": "1.1.5", "coleccion": 1, "ficha": 1}, "model": "piezas.clasificacion", "pk": 5}, {"fields": {"categoria": 1, "nombre": "Malacate", "codigo": "1.1.6", "coleccion": 1, "ficha": 1}, "model": "piezas.clasificacion", "pk": 6}, {"fields": {"categoria": 1, "nombre": "Miscel\u00e1neo", "codigo": "1.1.7", "coleccion": 1, "ficha": 1}, "model": "piezas.clasificacion", "pk": 7}, {"fields": {"categoria": 2, "nombre": "Piedra de moler", "codigo": "1.2.1", "coleccion": 1, "ficha": 1}, "model": "piezas.clasificacion", "pk": 8}, {"fields": {"categoria": 2, "nombre": "Mano de moler", "codigo": "1.2.2", "coleccion": 1, "ficha": 1}, "model": "piezas.clasificacion", "pk": 9}, {"fields": {"categoria": 2, "nombre": "Piedra Dona", "codigo": "1.2.3", "coleccion": 1, "ficha": 1}, "model": "piezas.clasificacion", "pk": 10}, {"fields": {"categoria": 2, "nombre": "Escultura", "codigo": "1.2.4", "coleccion": 1, "ficha": 1}, "model": "piezas.clasificacion", "pk": 11}, {"fields": {"categoria": 2, "nombre": "Hacha", "codigo": "1.2.5", "coleccion": 1, "ficha": 1}, "model": "piezas.clasificacion", "pk": 12}, {"fields": {"categoria": 2, "nombre": "Navaja de Obsidiana", "codigo": "1.2.6", "coleccion": 1, "ficha": 1}, "model": "piezas.clasificacion", "pk": 13}, {"fields": {"categoria": 2, "nombre": "N\u00facleo de Obsidiana", "codigo": "1.2.7", "coleccion": 1, "ficha": 1}, "model": "piezas.clasificacion", "pk": 14}, {"fields": {"categoria": 2, "nombre": "Lasca de Obsidiana", "codigo": "1.2.8", "coleccion": 1, "ficha": 1}, "model": "piezas.clasificacion", "pk": 15}, {"fields": {"categoria": 2, "nombre": "Bifacial", "codigo": "1.2.9", "coleccion": 1, "ficha": 1}, "model": "piezas.clasificacion", "pk": 16}, {"fields": {"categoria": 2, "nombre": "Camahuil", "codigo": "1.2.10", "coleccion": 1, "ficha": 1}, "model": "piezas.clasificacion", "pk": 17}, {"fields": {"categoria": 2, "nombre": "Cuenta", "codigo": "1.2.11", "coleccion": 1, "ficha": 1}, "model": "piezas.clasificacion", "pk": 18}, {"fields": {"categoria": 2, "nombre": "Machacadores", "codigo": "1.2.12", "coleccion": 1, "ficha": 1}, "model": "piezas.clasificacion", "pk": 19}, {"fields": {"categoria": 2, "nombre": "Figurilla Antropomorfa", "codigo": "1.2.13", "coleccion": 1, "ficha": 1}, "model": "piezas.clasificacion", "pk": 20}, {"fields": {"categoria": 2, "nombre": "Pectorales-Colgantes", "codigo": "1.2.14", "coleccion": 1, "ficha": 1}, "model": "piezas.clasificacion", "pk": 21}, {"fields": {"categoria": 2, "nombre": "Miscel\u00e1neo", "codigo": "1.2.15", "coleccion": 1, "ficha": 1}, "model": "piezas.clasificacion", "pk": 22}, {"fields": {"categoria": 3, "nombre": "Entierro Completo", "codigo": "1.3.1", "coleccion": 1, "ficha": 1}, "model": "piezas.clasificacion", "pk": 23}, {"fields": {"categoria": 3, "nombre": "Huesos del cr\u00e1neo", "codigo": "1.3.2", "coleccion": 1, "ficha": 1}, "model": "piezas.clasificacion", "pk": 24}, {"fields": {"categoria": 3, "nombre": "Extremidades Superiores", "codigo": "1.3.3", "coleccion": 1, "ficha": 1}, "model": "piezas.clasificacion", "pk": 25}, {"fields": {"categoria": 3, "nombre": "Extremidades Inferiores", "codigo": "1.3.4", "coleccion": 1, "ficha": 1}, "model": "piezas.clasificacion", "pk": 26}, {"fields": {"categoria": 3, "nombre": "Indeterminado", "codigo": "1.3.5", "coleccion": 1, "ficha": 1}, "model": "piezas.clasificacion", "pk": 27}, {"fields": {"categoria": 3, "nombre": "Miscel\u00e1neo", "codigo": "1.3.6", "coleccion": 1, "ficha": 1}, "model": "piezas.clasificacion", "pk": 28}, {"fields": {"categoria": 1, "nombre": "Vasija", "codigo": "2.1.1", "coleccion": 2, "ficha": 1}, "model": "piezas.clasificacion", "pk": 29}, {"fields": {"categoria": 1, "nombre": "Figurilla", "codigo": "2.1.2", "coleccion": 2, "ficha": 1}, "model": "piezas.clasificacion", "pk": 30}, {"fields": {"categoria": 1, "nombre": "Miscel\u00e1neo", "codigo": "2.1.3", "coleccion": 2, "ficha": 1}, "model": "piezas.clasificacion", "pk": 31}, {"fields": {"categoria": 4, "nombre": "Arma de fuego", "codigo": "2.2.1", "coleccion": 2, "ficha": 1}, "model": "piezas.clasificacion", "pk": 32}, {"fields": {"categoria": 4, "nombre": "Arma blanca", "codigo": "2.2.2", "coleccion": 2, "ficha": 1}, "model": "piezas.clasificacion", "pk": 33}, {"fields": {"categoria": 4, "nombre": "Accesorio", "codigo": "2.2.3", "coleccion": 2, "ficha": 1}, "model": "piezas.clasificacion", "pk": 34}, {"fields": {"categoria": 4, "nombre": "Miscel\u00e1neo", "codigo": "2.2.4", "coleccion": 2, "ficha": 1}, "model": "piezas.clasificacion", "pk": 35}, {"fields": {"categoria": 5, "nombre": "Vestimenta", "codigo": "2.3.1", "coleccion": 2, "ficha": 1}, "model": "piezas.clasificacion", "pk": 36}, {"fields": {"categoria": 5, "nombre": "Bander\u00edn", "codigo": "2.3.2", "coleccion": 2, "ficha": 1}, "model": "piezas.clasificacion", "pk": 37}, {"fields": {"categoria": 5, "nombre": "Miscel\u00e1neo", "codigo": "2.3.3", "coleccion": 2, "ficha": 1}, "model": "piezas.clasificacion", "pk": 38}, {"fields": {"categoria": 6, "nombre": "Mesa", "codigo": "2.4.1", "coleccion": 2, "ficha": 1}, "model": "piezas.clasificacion", "pk": 39}, {"fields": {"categoria": 6, "nombre": "Silla", "codigo": "2.4.2", "coleccion": 2, "ficha": 1}, "model": "piezas.clasificacion", "pk": 40}, {"fields": {"categoria": 6, "nombre": "Miscel\u00e1neos", "codigo": "2.4.3", "coleccion": 2, "ficha": 1}, "model": "piezas.clasificacion", "pk": 41}, {"fields": {"categoria": 7, "nombre": "Abanico", "codigo": "2.5.1", "coleccion": 2, "ficha": 1}, "model": "piezas.clasificacion", "pk": 42}, {"fields": {"categoria": 7, "nombre": "Sombrero", "codigo": "2.5.2", "coleccion": 2, "ficha": 1}, "model": "piezas.clasificacion", "pk": 43}, {"fields": {"categoria": 7, "nombre": "Anteojos", "codigo": "2.5.3", "coleccion": 2, "ficha": 1}, "model": "piezas.clasificacion", "pk": 44}, {"fields": {"categoria": 7, "nombre": "Trofeo", "codigo": "2.5.4", "coleccion": 2, "ficha": 1}, "model": "piezas.clasificacion", "pk": 45}, {"fields": {"categoria": 7, "nombre": "Placa Conmemorativa", "codigo": "2.5.5", "coleccion": 2, "ficha": 1}, "model": "piezas.clasificacion", "pk": 46}, {"fields": {"categoria": 7, "nombre": "Otros", "codigo": "2.5.6", "coleccion": 2, "ficha": 1}, "model": "piezas.clasificacion", "pk": 47}, {"fields": {"categoria": 8, "nombre": "Billetes Nacionales", "codigo": "2.6.1", "coleccion": 2, "ficha": 1}, "model": "piezas.clasificacion", "pk": 48}, {"fields": {"categoria": 8, "nombre": "Monedas Nacionales", "codigo": "2.6.2", "coleccion": 2, "ficha": 1}, "model": "piezas.clasificacion", "pk": 49}, {"fields": {"categoria": 8, "nombre": "Billetes Internacionales", "codigo": "2.6.3", "coleccion": 2, "ficha": 1}, "model": "piezas.clasificacion", "pk": 50}, {"fields": {"categoria": 8, "nombre": "Monedas Internacionales", "codigo": "2.6.4", "coleccion": 2, "ficha": 1}, "model": "piezas.clasificacion", "pk": 51}, {"fields": {"categoria": 8, "nombre": "Otros", "codigo": "2.6.5", "coleccion": 2, "ficha": 1}, "model": "piezas.clasificacion", "pk": 52}, {"fields": {"categoria": 9, "nombre": "Instrumentos de Percusi\u00f3n", "codigo": "2.7.1", "coleccion": 2, "ficha": 1}, "model": "piezas.clasificacion", "pk": 53}, {"fields": {"categoria": 9, "nombre": "Instrumentos de Viento", "codigo": "2.7.2", "coleccion": 2, "ficha": 1}, "model": "piezas.clasificacion", "pk": 54}, {"fields": {"categoria": 9, "nombre": "Instrumentos de Cuerdas", "codigo": "2.7.3", "coleccion": 2, "ficha": 1}, "model": "piezas.clasificacion", "pk": 55}, {"fields": {"categoria": 9, "nombre": "Instrumentos de Cuerdas Percutidas", "codigo": "2.7.4", "coleccion": 2, "ficha": 1}, "model": "piezas.clasificacion", "pk": 56}, {"fields": {"categoria": 9, "nombre": "Diversos", "codigo": "2.7.5", "coleccion": 2, "ficha": 1}, "model": "piezas.clasificacion", "pk": 57}, {"fields": {"categoria": 14, "nombre": "Gaster\u00f3podo", "codigo": "5.6.1", "coleccion": 5, "ficha": 1}, "model": "piezas.clasificacion", "pk": 58}, {"fields": {"categoria": 14, "nombre": "Pelec\u00edpodo", "codigo": "5.6.2", "coleccion": 5, "ficha": 1}, "model": "piezas.clasificacion", "pk": 59}, {"fields": {"categoria": 14, "nombre": "Escaf\u00f3podo", "codigo": "5.6.3", "coleccion": 5, "ficha": 1}, "model": "piezas.clasificacion", "pk": 60}, {"fields": {"categoria": 14, "nombre": "Amfineura", "codigo": "5.6.4", "coleccion": 5, "ficha": 1}, "model": "piezas.clasificacion", "pk": 61}, {"fields": {"categoria": 14, "nombre": "Cefal\u00f3podo", "codigo": "5.6.5", "coleccion": 5, "ficha": 1}, "model": "piezas.clasificacion", "pk": 62}, {"fields": {"nombre": "Cer\u00e1mica"}, "model": "piezas.categoria", "pk": 1}, {"fields": {"nombre": "L\u00edtica"}, "model": "piezas.categoria", "pk": 2}, {"fields": {"nombre": "Restos \u00f3seos"}, "model": "piezas.categoria", "pk": 3}, {"fields": {"nombre": "Metalurgia"}, "model": "piezas.categoria", "pk": 4}, {"fields": {"nombre": "Textil"}, "model": "piezas.categoria", "pk": 5}, {"fields": {"nombre": "Ebanister\u00eda"}, "model": "piezas.categoria", "pk": 6}, {"fields": {"nombre": "Varios"}, "model": "piezas.categoria", "pk": 7}, {"fields": {"nombre": "Numism\u00e1tica"}, "model": "piezas.categoria", "pk": 8}, {"fields": {"nombre": "Instrumentos Musicales"}, "model": "piezas.categoria", "pk": 9}, {"fields": {"nombre": "Mam\u00edferos"}, "model": "piezas.categoria", "pk": 10}, {"fields": {"nombre": "Reptiles"}, "model": "piezas.categoria", "pk": 11}, {"fields": {"nombre": "Aves"}, "model": "piezas.categoria", "pk": 12}, {"fields": {"nombre": "Insectos"}, "model": "piezas.categoria", "pk": 13}, {"fields": {"nombre": "Moluscos"}, "model": "piezas.categoria", "pk": 14}, {"fields": {"nombre": "Anfibios"}, "model": "piezas.categoria", "pk": 15}, {"fields": {"nombre": "Colecci\u00f3n Prehisp\u00e1nica"}, "model": "piezas.coleccion", "pk": 1}, {"fields": {"nombre": "Colecci\u00f3n Hist\u00f3rica"}, "model": "piezas.coleccion", "pk": 2}, {"fields": {"nombre": "Colecci\u00f3n Archivo Hist\u00f3rico"}, "model": "piezas.coleccion", "pk": 3}, {"fields": {"nombre": "Colecci\u00f3n Fototeca"}, "model": "piezas.coleccion", "pk": 4}, {"fields": {"nombre": "Colecci\u00f3n Zool\u00f3gica"}, "model": "piezas.coleccion", "pk": 5}]